{
	"actividades": [
		{
			"Nombre": "Body-Attack",
			"ruta": "./img/body.jpg",
			"Descripción": "Sesión en la cual se combinan diferentes artes marciale",
			"Tipo": ["Cardio"],
			"Duracion": 45,
			"Calorías": 675,
			"Beneficios": [
				"Movilidad articular",
				"control postural",
				"tonificación",
				"fuerza",
				"resistencia general",
				"coordinación"
			],
			"Tipo_ejercicio": [ "tono-fuerza", "box", "baile" ]
		},
		{
			"Nombre": "Cycling",
			"ruta": "./img/cycling.jpg",
			"Descripción": "Sesión con una bicicleta anclada y a diferentes dificultades simulando una carretera de montaña",
			"Tipo": ["Cardio"],
			"Duracion": 60,
			"Calorías": 623,
			"Beneficios": [ "Movilidad articular", "fuerza", "control postural", "resistencia general" ],
			"Tipo_ejercicio": [ "cuerpo-mente", "tono-fuerza" ]
		},
		{
			"Nombre": "Abdominales",
			"ruta": "./img/abdominales.jpg",
			"Descripción": "Sesión dedicada a diferentes tipos de abdominales",
			"Tipo": ["Tonificación"],
			"Duracion": 30,
			"Calorías": 160,
			"Beneficios": [ "control postural", "tonificación", "fuerza" ],
			"Tipo_ejercicio": ["tono-fuerza"]
		},
		{
			"Nombre": "Body Pump",
			"ruta": "./img/pump.jpg",
			"Descripción": "Sesión dedicada al movimiento continuado del cuerpo",
			"Tipo": [ "Cardio", "Tonificación" ],
			"Duracion": 30,
			"Calorías": 411,
			"Beneficios": [
				"Movilidad articular",
				"control postural",
				"tonificación",
				"fuerza",
				"resistencia general",
				"coordinación"
			],
			"Tipo_ejercicio": [ "tono-fuerza", "baile" ]
		},
		{
			"Nombre": "Gap",
			"ruta": "./img/gap.jpg",
			"Descripción": "Sesión para trabajar los glúteos, abdomen y piernas",
			"Tipo": ["Tonificación"],
			"Duracion": 30,
			"Calorías": 250,
			"Beneficios": [ "tonificación", "fuerza" ],
			"Tipo_ejercicio": ["tono-fuerza"]
		},
		{
			"Nombre": "TRX",
			"ruta": "./img/trx.jpg",
			"Descripción": "Sesión de elevación y diferentes ejercicios con nuestro propio peso colgado con cuerdas",
			"Tipo": [ "Cardio", "Tonificación", "Postural" ],
			"Duracion": 30,
			"Calorías": 300,
			"Beneficios": [ "Movilidad articular", "control postural", "tonificación", "fuerza", "coordinación" ],
			"Tipo_ejercicio": ["tono-fuerza"]
		},
		{
			"Nombre": "Yoga",
			"ruta": "./img/yoga.jpg",
			"Descripción": "Sesión de relajación y actividad física por  igual",
			"Tipo": ["Postural"],
			"Duracion": 30,
			"Calorías": 270,
			"Beneficios": [ "Movilidad articular", "control postural", "coordinación" ],
			"Tipo_ejercicio":[ "cuerpo-mente"]
		},
		{
			"Nombre": "Zumba",
			"ruta": "./img/zumba.jpg",
			"Descripción": "Bailes atractivos y dedicados para todo los públicos",
			"Tipo": ["Cardio"],
			"Duracion": 30,
			"Calorías": 350,
			"Beneficios": [ "Movilidad articular", "control postural", "resistencia general", "coordinación" ],
			"Tipo_ejercicio": ["baile"]
		}
	]
}
